{
	"animations": [
		{
			"offsets": [
				0,
				0
			],
			"indices": [],
			"fps": 24,
			"anim": "singUP",
			"loop": false,
			"name": "Up"
		},
		{
			"offsets": [
				0,
				0
			],
			"indices": [],
			"fps": 24,
			"anim": "idle",
			"loop": true,
			"name": "Idle"
		},
		{
			"offsets": [
				0,
				0
			],
			"indices": [],
			"fps": 24,
			"anim": "singRIGHT",
			"loop": false,
			"name": "Right"
		},
		{
			"offsets": [
				-6,
				0
			],
			"indices": [],
			"fps": 24,
			"anim": "singDOWN",
			"loop": false,
			"name": "Down"
		},
		{
			"offsets": [
				6,
				0
			],
			"indices": [],
			"fps": 24,
			"anim": "singLEFT",
			"loop": false,
			"name": "Left"
		}
	],
	"no_antialiasing": true,
	"image": "characters/NoellePixel",
	"position": [
		150,
		600
	],
	"healthicon": "noelpix",
	"flip_x": false,
	"healthbar_colors": [
		255,
		206,
		50
	],
	"camera_position": [
		-210,
		-100
	],
	"sing_duration": 4,
	"scale": 6
}