﻿<?xml version="1.0" encoding="utf-8"?>
<TextureAtlas imagePath="dance.png">
	<!-- Created with Adobe Animate version 22.0.6.202 -->
	<!-- http://www.adobe.com/products/animate.html -->
	<SubTexture name="Dance0000" x="20" y="20" width="69" height="40"/>
	<SubTexture name="Dance0001" x="109" y="20" width="69" height="40"/>
	<SubTexture name="Dance0002" x="20" y="80" width="69" height="40"/>
	<SubTexture name="Dance0003" x="109" y="80" width="69" height="40"/>
	<SubTexture name="Dance0004" x="109" y="80" width="69" height="40"/>
	<SubTexture name="Dance0005" x="20" y="140" width="69" height="40"/>
	<SubTexture name="Dance0006" x="20" y="140" width="69" height="40"/>
	<SubTexture name="Dance0007" x="20" y="140" width="69" height="40"/>
</TextureAtlas>
