﻿<?xml version="1.0" encoding="utf-8"?>
<TextureAtlas imagePath="NoellePixel.png">
	<!-- Created with Adobe Animate version 22.0.6.202 -->
	<!-- http://www.adobe.com/products/animate.html -->
	<SubTexture name="Down0000" x="20" y="20" width="27" height="60"/>
	<SubTexture name="Down0001" x="20" y="20" width="27" height="60"/>
	<SubTexture name="Down0002" x="67" y="20" width="27" height="60"/>
	<SubTexture name="Down0003" x="67" y="20" width="27" height="60"/>
	<SubTexture name="Down0004" x="67" y="20" width="27" height="60"/>
	<SubTexture name="Down0005" x="67" y="20" width="27" height="60"/>
	<SubTexture name="Down0006" x="67" y="20" width="27" height="60"/>
	<SubTexture name="Down0007" x="67" y="20" width="27" height="60"/>
	<SubTexture name="Idle0000" x="114" y="20" width="28" height="60"/>
	<SubTexture name="Idle0001" x="114" y="20" width="28" height="60"/>
	<SubTexture name="Idle0002" x="162" y="20" width="28" height="60"/>
	<SubTexture name="Idle0003" x="162" y="20" width="28" height="60"/>
	<SubTexture name="Idle0004" x="114" y="20" width="28" height="60"/>
	<SubTexture name="Idle0005" x="114" y="20" width="28" height="60"/>
	<SubTexture name="Idle0006" x="210" y="20" width="28" height="60"/>
	<SubTexture name="Idle0007" x="210" y="20" width="28" height="60"/>
	<SubTexture name="Left0000" x="258" y="20" width="29" height="60"/>
	<SubTexture name="Left0001" x="258" y="20" width="29" height="60"/>
	<SubTexture name="Left0002" x="307" y="20" width="29" height="60"/>
	<SubTexture name="Left0003" x="307" y="20" width="29" height="60"/>
	<SubTexture name="Left0004" x="307" y="20" width="29" height="60"/>
	<SubTexture name="Left0005" x="307" y="20" width="29" height="60"/>
	<SubTexture name="Left0006" x="307" y="20" width="29" height="60"/>
	<SubTexture name="Left0007" x="307" y="20" width="29" height="60"/>
	<SubTexture name="Right0000" x="356" y="20" width="28" height="60"/>
	<SubTexture name="Right0001" x="356" y="20" width="28" height="60"/>
	<SubTexture name="Right0002" x="404" y="20" width="28" height="60"/>
	<SubTexture name="Right0003" x="404" y="20" width="28" height="60"/>
	<SubTexture name="Right0004" x="404" y="20" width="28" height="60"/>
	<SubTexture name="Right0005" x="404" y="20" width="28" height="60"/>
	<SubTexture name="Right0006" x="404" y="20" width="28" height="60"/>
	<SubTexture name="Right0007" x="404" y="20" width="28" height="60"/>
	<SubTexture name="Up0000" x="452" y="20" width="28" height="60"/>
	<SubTexture name="Up0001" x="452" y="20" width="28" height="60"/>
	<SubTexture name="Up0002" x="20" y="100" width="28" height="60"/>
	<SubTexture name="Up0003" x="20" y="100" width="28" height="60"/>
	<SubTexture name="Up0004" x="20" y="100" width="28" height="60"/>
	<SubTexture name="Up0005" x="20" y="100" width="28" height="60"/>
	<SubTexture name="Up0006" x="20" y="100" width="28" height="60"/>
	<SubTexture name="Up0007" x="20" y="100" width="28" height="60"/>
</TextureAtlas>
