﻿<?xml version="1.0" encoding="utf-8"?>
<TextureAtlas imagePath="SusiePixel.png">
	<!-- Created with Adobe Animate version 22.0.6.202 -->
	<!-- http://www.adobe.com/products/animate.html -->
	<SubTexture name="Down0000" x="20" y="20" width="29" height="35"/>
	<SubTexture name="Down0001" x="20" y="20" width="29" height="35"/>
	<SubTexture name="Down0002" x="69" y="20" width="29" height="35"/>
	<SubTexture name="Down0003" x="69" y="20" width="29" height="35"/>
	<SubTexture name="Down0004" x="69" y="20" width="29" height="35"/>
	<SubTexture name="Down0005" x="69" y="20" width="29" height="35"/>
	<SubTexture name="Down0006" x="69" y="20" width="29" height="35"/>
	<SubTexture name="Down0007" x="69" y="20" width="29" height="35"/>
	<SubTexture name="Idle0000" x="118" y="20" width="26" height="35"/>
	<SubTexture name="Idle0001" x="164" y="20" width="26" height="35"/>
	<SubTexture name="Idle0002" x="210" y="20" width="26" height="35"/>
	<SubTexture name="Idle0003" x="210" y="20" width="26" height="35"/>
	<SubTexture name="Idle0004" x="256" y="20" width="26" height="35"/>
	<SubTexture name="Idle0005" x="256" y="20" width="26" height="35"/>
	<SubTexture name="Idle0006" x="302" y="20" width="26" height="35"/>
	<SubTexture name="Idle0007" x="302" y="20" width="26" height="35"/>
	<SubTexture name="Idle0008" x="302" y="20" width="26" height="35"/>
	<SubTexture name="Idle0009" x="302" y="20" width="26" height="35"/>
	<SubTexture name="Left0000" x="348" y="20" width="26" height="35"/>
	<SubTexture name="Left0001" x="348" y="20" width="26" height="35"/>
	<SubTexture name="Left0002" x="394" y="20" width="26" height="35"/>
	<SubTexture name="Left0003" x="394" y="20" width="26" height="35"/>
	<SubTexture name="Left0004" x="394" y="20" width="26" height="35"/>
	<SubTexture name="Left0005" x="394" y="20" width="26" height="35"/>
	<SubTexture name="Left0006" x="394" y="20" width="26" height="35"/>
	<SubTexture name="Left0007" x="394" y="20" width="26" height="35"/>
	<SubTexture name="MissDown0000" x="440" y="20" width="29" height="35"/>
	<SubTexture name="MissDown0001" x="440" y="20" width="29" height="35"/>
	<SubTexture name="MissDown0002" x="20" y="75" width="29" height="35"/>
	<SubTexture name="MissDown0003" x="20" y="75" width="29" height="35"/>
	<SubTexture name="MissDown0004" x="20" y="75" width="29" height="35"/>
	<SubTexture name="MissDown0005" x="20" y="75" width="29" height="35"/>
	<SubTexture name="MissDown0006" x="20" y="75" width="29" height="35"/>
	<SubTexture name="MissDown0007" x="20" y="75" width="29" height="35"/>
	<SubTexture name="MissLeft0000" x="69" y="75" width="26" height="35"/>
	<SubTexture name="MissLeft0001" x="69" y="75" width="26" height="35"/>
	<SubTexture name="MissLeft0002" x="115" y="75" width="26" height="35"/>
	<SubTexture name="MissLeft0003" x="115" y="75" width="26" height="35"/>
	<SubTexture name="MissLeft0004" x="115" y="75" width="26" height="35"/>
	<SubTexture name="MissLeft0005" x="115" y="75" width="26" height="35"/>
	<SubTexture name="MissLeft0006" x="115" y="75" width="26" height="35"/>
	<SubTexture name="MissLeft0007" x="115" y="75" width="26" height="35"/>
	<SubTexture name="MissRight0000" x="161" y="75" width="26" height="34"/>
	<SubTexture name="MissRight0001" x="207" y="75" width="26" height="34"/>
	<SubTexture name="MissRight0002" x="207" y="75" width="26" height="34"/>
	<SubTexture name="MissRight0003" x="253" y="75" width="26" height="34"/>
	<SubTexture name="MissRight0004" x="253" y="75" width="26" height="34"/>
	<SubTexture name="MissRight0005" x="253" y="75" width="26" height="34"/>
	<SubTexture name="MissRight0006" x="253" y="75" width="26" height="34"/>
	<SubTexture name="MissRight0007" x="253" y="75" width="26" height="34"/>
	<SubTexture name="MissUp0000" x="299" y="75" width="26" height="37"/>
	<SubTexture name="MissUp0001" x="299" y="75" width="26" height="37"/>
	<SubTexture name="MissUp0002" x="345" y="75" width="26" height="37"/>
	<SubTexture name="MissUp0003" x="345" y="75" width="26" height="37"/>
	<SubTexture name="MissUp0004" x="345" y="75" width="26" height="37"/>
	<SubTexture name="MissUp0005" x="345" y="75" width="26" height="37"/>
	<SubTexture name="MissUp0006" x="345" y="75" width="26" height="37"/>
	<SubTexture name="MissUp0007" x="345" y="75" width="26" height="37"/>
	<SubTexture name="Right0000" x="391" y="75" width="26" height="34"/>
	<SubTexture name="Right0001" x="437" y="75" width="26" height="34"/>
	<SubTexture name="Right0002" x="437" y="75" width="26" height="34"/>
	<SubTexture name="Right0003" x="20" y="132" width="26" height="34"/>
	<SubTexture name="Right0004" x="20" y="132" width="26" height="34"/>
	<SubTexture name="Right0005" x="20" y="132" width="26" height="34"/>
	<SubTexture name="Right0006" x="20" y="132" width="26" height="34"/>
	<SubTexture name="Right0007" x="20" y="132" width="26" height="34"/>
	<SubTexture name="Up0000" x="66" y="132" width="26" height="37"/>
	<SubTexture name="Up0001" x="66" y="132" width="26" height="37"/>
	<SubTexture name="Up0002" x="112" y="132" width="26" height="37"/>
	<SubTexture name="Up0003" x="112" y="132" width="26" height="37"/>
	<SubTexture name="Up0004" x="112" y="132" width="26" height="37"/>
	<SubTexture name="Up0005" x="112" y="132" width="26" height="37"/>
	<SubTexture name="Up0006" x="112" y="132" width="26" height="37"/>
	<SubTexture name="Up0007" x="112" y="132" width="26" height="37"/>
</TextureAtlas>
